variable,lo_mean,lo_std,hi_mean,hi_std,CV
p1,1.56,0.05477225575051666,2.88,0.10954451150103332,3.657335453426593
p2,0.31999999999999995,0.0273861278752583,0.68,0.02738612787525827,6.2927683536898655
p3,0.08,0.0,0.14600000000000002,0.005477225575051651,1.8757621832368665
dt_superheat_1,5.0,0.0,10.0,0.0,0.0
