{"1": [[1, 527.6145339349152], [2, 526.8315639189664], [3, 526.8315639189664], [4, 526.4436968133392], [5, 526.0553502147445], [6, 525.6665231744607], [7, 525.2772147408597], [8, 524.8874239586974]], "2": [[1, 527.6145339349152], [2, 527.6103857228385], [3, 527.5212265166856], [4, 527.5212265166856], [5, 527.42193557759], [6, 527.321572453256], [7, 527.220112702087], [8, 526.644961219813], [9, 526.0563676324817], [10, 525.4536949789316], [11, 525.4536949789316], [12, 524.8362600544137], [13, 524.8362600544137], [14, 524.5217794783654], [15, 524.2033288289716], [16, 524.2033288289716], [17, 523.6153318404126], [18, 523.1177294890956], [19, 522.6083645812414], [20, 522.5058250854166], [21, 522.4021240061213], [22, 522.2972335592809], [23, 522.1911249410371], [24, 522.0837682769843], [25, 521.9751325681907], [26, 521.8651856337708], [27, 521.8651856337708], [28, 521.4797380688028], [29, 521.0938138583549], [30, 520.7074120574144], [31, 520.3205317187573], [32, 519.9331718931484], [33, 519.4065921635329], [34, 518.8668809983886], [35, 518.3133227082336], [36, 518.3133227082336]], "3": [[1, 527.6145339349152], [2, 527.6145339349152], [3, 527.3067378352391], [4, 527.3067378352391], [5, 527.3067378352391], [6, 527.3067378352391], [7, 527.1126552240077], [8, 526.9961482710504], [9, 526.9573030500351], [10, 526.9378786446155], [11, 526.9301085473604], [12, 526.9262234269237], [13, 526.9223382586147], [14, 526.9203956565074]], "4": [[1, 527.6145339349152], [2, 527.6103857228385], [3, 527.6103857228385], [4, 527.6103857228385], [5, 527.321572453256], [6, 527.126887586404], [7, 527.0288900861387], [8, 526.9304502863533], [9, 526.8315639189664], [10, 526.7322266529512], [11, 526.6324340930807], [12, 526.5321817786463], [13, 526.4314651821453], [14, 526.3302797079256], [15, 526.2286206908112], [16, 526.0238630109956], [17, 525.9207546573523], [18, 525.5109058068716], [19, 525.1207445373302], [20, 525.1207445373302], [21, 524.7301014072741], [22, 524.3389754642978], [23, 523.9473657524665], [24, 523.8226876726808], [25, 523.7701761668164], [26, 523.759658737107]], "5": [[1, 527.6145339349152], [2, 527.6103857228385], [3, 527.6103857228385], [4, 526.1456327867364], [5, 526.1456327867364], [6, 525.8421903663049], [7, 525.8421903663049], [8, 525.2241354702138], [9, 525.2241354702138], [10, 524.5905694540354], [11, 524.5905694540354], [12, 524.3884190876466], [13, 524.181718198866], [14, 523.970247796301], [15, 523.753772509344], [16, 523.6435795922802], [17, 523.6435795922802]]}