run,best_steam,n_evals,wall_time_s
1,516.2256741158895,8,123.09451484680176
2,509.6202740920692,36,498.95022797584534
3,518.4920622242536,14,157.0530345439911
4,515.0982678612409,26,295.1355218887329
5,515.1444612097101,17,207.73194336891174
